[
  {
    "brands": [
      {
        "name": "Hero MotoCorp",
        "img": "/BikeBrandLogoImages/Hero.png",
        "models": [
          "Splendor Plus",
          "HF Deluxe",
          "Glamour",
          "Passion Pro",
          "Xtreme 160R"
        ]
      },
      {
        "name": "Honda",
        "img": "/BikeBrandLogoImages/Hoonda.png",
        "models": ["Shine", "SP 125", "Unicorn", "Hornet 2.0", "Hness CB350"]
      },
      {
        "name": "TVS",
        "img": "/BikeBrandLogoImages/TVS.jpeg",
        "models": [
          "Apache RTR 160",
          "Apache RTR 200 4V",
          "Raider",
          "Sport",
          "Ronin"
        ]
      },
      {
        "name": "Bajaj",
        "img": "/BikeBrandLogoImages/Bajaj.png",
        "models": [
          "Pulsar 150",
          "Pulsar N160",
          "Pulsar NS200",
          "Avenger 220",
          "Dominar 400"
        ]
      },
      {
        "name": "Yamaha",
        "img": "/BikeBrandLogoImages/yamaha.jpeg",
        "models": ["FZ-S Fi", "MT-15", "R15 V4", "Fascino 125", "RayZR 125"]
      },
      {
        "name": "Suzuki",
        "img": "/BikeBrandLogoImages/suzuki.png",
        "models": ["Access 125", "Burgman Street", "Gixxer SF", "Gixxer 250"]
      },
      {
        "name": "Royal Enfield",
        "img": "/BikeBrandLogoImages/Royal.png",
        "models": [
          "Classic 350",
          "Bullet 350",
          "Hunter 350",
          "Meteor 350",
          "Himalayan 450"
        ]
      },
      {
        "name": "KTM",
        "img": "/BikeBrandLogoImages/KTM.png",
        "models": ["Duke 200", "Duke 250", "RC 200", "RC 390", "Adventure 390"]
      },
      {
        "name": "Harley-Davidson",
        "img": "/BikeBrandLogoImages/harley.png",
        "models": ["X440", "Iron 883", "Street Bob", "Forty-Eight"]
      },
      {
        "name": "BMW Motorrad",
        "img": "/BikeBrandLogoImages/BMW.png",
        "models": ["G 310 R", "G 310 GS", "F 900 R", "S 1000 RR"]
      },
      {
        "name": "Kawasaki",
        "img": "/BikeBrandLogoImages/kawa.png",
        "models": ["Ninja 300", "Ninja 400", "Z650", "Versys 650"]
      },
      {
        "name": "Triumph",
        "img": "/BikeBrandLogoImages/triumph.png",
        "models": [
          "Speed 400",
          "Scrambler 400X",
          "Trident 660",
          "Street Triple RS"
        ]
      },
      {
        "name": "Honda BigWing",
        "img": "/BikeBrandLogoImages/HoondaBig.png",
        "models": ["CB300R", "CB500X", "CB650R", "CBR650R"]
      },
      {
        "name": "Jawa",
        "img": "/BikeBrandLogoImages/jawa.jpeg",
        "models": ["42", "Perak", "42 Bobber", "Jawa Classic"]
      },
      {
        "name": "Yezdi",
        "img": "/BikeBrandLogoImages/yezdi.png",
        "models": ["Roadster", "Scrambler", "Adventure"]
      },
      {
        "name": "Aprilia",
        "img": "/BikeBrandLogoImages/aprila.png",
        "models": ["SR 160", "RS 457", "Tuono 660", "RS 660"]
      },
      {
        "name": "Benelli",
        "img": "/BikeBrandLogoImages/Beneli.jpeg",
        "models": ["Imperiale 400", "TRK 502", "Leoncino 500"]
      },
      {
        "name": "CFMoto",
        "img": "/BikeBrandLogoImages/CFM.png",
        "models": ["300NK", "650NK", "650GT"]
      },
      {
        "name": "Harley-Davidson X",
        "img": "/BikeBrandLogoImages/harley.png",
        "models": ["X440", "X350"]
      },
      {
        "name": "Ola Electric",
        "img": "/BikeBrandLogoImages/OLA.png",
        "models": ["S1 Air", "S1 Pro", "S1X"]
      }
    ],
    "years": [
      "2010",
      "2011",
      "2012",
      "2013",
      "2014",
      "2015",
      "2016",
      "2017",
      "2018",
      "2019",
      "2020",
      "2021",
      "2022",
      "2023",
      "2024",
      "2025"
    ],
    "fuels": ["Petrol", "Electric"],
    "SellPeriod": [
      "Immediately",
      "Within a month",
      "After a month",
      "Just Checking Price"
    ],
    "locations": [
      "Delhi",
      "Mumbai",
      "Bangalore",
      "Chennai",
      "Hyderabad",
      "Pune",
      "Kolkata",
      "Ahmedabad",
      "Chandigarh",
      "Jaipur",
      "Lucknow",
      "Indore",
      "Surat",
      "Bhopal",
      "Nagpur"
    ]
  }
]
